run,temperature,tags,summary,latency_ms
0,0.7,Spacious 2BR Apartment|Near Downtown San Jose|Pet-Friendly,"Spacious 2BR apartment near downtown San Jose with updated kitchen, pet-friendly, and available October 1st.",82796.8
1,0.7,Pet-Friendly|Updated Kitchen|Downtown Proximity,"Spacious 2BR apartment near downtown San Jose with updated kitchen, pet-friendly, and off-street parking.",95481.2
2,0.7,2BR Apartment|San Jose|Pet-Friendly,"Bright 2BR apartment near downtown San Jose with updated kitchen, pet-friendly, and light rail access.",174366.2
3,0.7,Near Downtown San Jose|Pet-Friendly|Updated Kitchen,"Bright 2BR apartment near downtown San Jose with updated kitchen, pet-friendly, and off-street parking available October 1st.",164897.0
4,0.7,Spacious 2BR Apartment|Near Downtown San Jose|Pet-Friendly,"Spacious 2BR apartment near downtown San Jose with updated kitchen, pet-friendly, and off-street parking available October 1st.",90950.2
5,0.7,downtown_location|light_rail_access|pet_friendly,"Spacious 2BR apartment near downtown San Jose with light rail access, updated kitchen, in-unit laundry, pet-friendly, and off-street parking available October 1st.",106226.3
6,0.7,Downtown_San_Jose|Updated_Kitchen|Pet_Friendly,"Spacious 2BR apartment near downtown San Jose with updated kitchen, pet-friendly, and off-street parking available October 1st.",105600.7
7,0.7,Pet-Friendly|Near Downtown San Jose|Updated Kitchen,"Spacious 2BR apartment near downtown San Jose with updated kitchen, pet-friendly, and off-street parking available October 1st.",106575.4
8,0.7,Near Downtown|Pet-Friendly|Updated Kitchen,"Spacious 2BR apartment near downtown San Jose with updated kitchen, pet-friendly, and off-street parking available October 1st.",156379.4
9,0.7,Pet-Friendly|Downtown Location|Off-Street Parking,"Spacious 2BR apartment near downtown San Jose with pet-friendly policy, off-street parking, and updated kitchen available October 1st.",144684.3
10,0.7,downtown_san_jose|2br_apartment|light_rail_access,"Spacious 2BR apartment near downtown San Jose with light rail access, updated kitchen, and off-street parking available October 1st.",136477.8
11,0.7,2BR Apartment|Downtown San Jose|Pet-Friendly,"Spacious 2BR apartment near downtown San Jose features updated kitchen, in-unit laundry, pet-friendly access, and off-street parking included. Available October 1st.",156387.1
12,0.7,Spacious 2BR|Near Downtown San Jose|Pet-Friendly,"Spacious 2BR apartment near Downtown San Jose with updated kitchen, pet-friendly, off-street parking, available October 1st.",144743.8
13,0.7,Spacious 2BR Apartment|Near Downtown San Jose|Pet-Friendly,"Spacious 2BR apartment near downtown San Jose with updated kitchen, in-unit laundry, pet-friendly, and off-street parking available October 1st.",134313.6
14,0.7,Near Downtown San Jose|Pet-Friendly|Updated Kitchen,"Spacious 2BR apartment near downtown San Jose with updated kitchen, pet-friendly, and off-street parking available October 1st.",240059.6
15,0.7,Downtown San Jose|Updated Kitchen|In-Unit Laundry,"Spacious 2BR near Downtown San Jose offers updated kitchen, in-unit laundry, pet-friendly, and off-street parking.",205564.9
16,0.7,San Jose Downtown|Available Oct 1|Pet-Friendly,"Spacious 2BR apartment near downtown San Jose, updated kitchen, pet-friendly, available Oct 1 with off-street parking and in-unit laundry.",186443.2
17,0.7,Downtown Proximity|Updated Kitchen|Pet-Friendly,"Spacious 2BR apartment near downtown San Jose with updated kitchen, pet-friendly, and in-unit laundry available October 1st.",161211.9
18,0.7,Near Downtown San Jose|Updated Kitchen Laundry|Pet-Friendly Apartment,"Spacious 2BR apartment near downtown San Jose with updated kitchen, in-unit laundry, off-street parking, and pet-friendly availability starting October 1st.",138985.2
19,0.7,Spacious 2BR|Downtown San Jose|Pet-Friendly,"Spacious 2BR apartment near Downtown San Jose with updated kitchen, pet-friendly, and off-street parking available October 1st.",133220.9
0,0.0,Spacious 2BR|Pet-Friendly|Downtown San Jose,"Spacious 2BR apartment near downtown San Jose with updated kitchen, pet-friendly, and off-street parking available October 1st.",146834.4
1,0.0,Spacious 2BR|Pet-Friendly|Downtown San Jose,"Spacious 2BR apartment near downtown San Jose with updated kitchen, pet-friendly, and off-street parking available October 1st.",148146.2
2,0.0,Spacious 2BR|Pet-Friendly|Downtown San Jose,"Spacious 2BR apartment near downtown San Jose with updated kitchen, pet-friendly, and off-street parking available October 1st.",152887.4
3,0.0,Spacious 2BR|Pet-Friendly|Downtown San Jose,"Spacious 2BR apartment near downtown San Jose with updated kitchen, pet-friendly, and off-street parking available October 1st.",134276.0
4,0.0,Spacious 2BR|Pet-Friendly|Downtown San Jose,"Spacious 2BR apartment near downtown San Jose with updated kitchen, pet-friendly, and off-street parking available October 1st.",140969.2
5,0.0,Spacious 2BR|Pet-Friendly|Downtown San Jose,"Spacious 2BR apartment near downtown San Jose with updated kitchen, pet-friendly, and off-street parking available October 1st.",142882.1
6,0.0,Spacious 2BR|Pet-Friendly|Downtown San Jose,"Spacious 2BR apartment near downtown San Jose with updated kitchen, pet-friendly, and off-street parking available October 1st.",142840.2
7,0.0,Spacious 2BR|Pet-Friendly|Downtown San Jose,"Spacious 2BR apartment near downtown San Jose with updated kitchen, pet-friendly, and off-street parking available October 1st.",145894.7
8,0.0,Spacious 2BR|Pet-Friendly|Downtown San Jose,"Spacious 2BR apartment near downtown San Jose with updated kitchen, pet-friendly, and off-street parking available October 1st.",146601.6
9,0.0,Spacious 2BR|Pet-Friendly|Downtown San Jose,"Spacious 2BR apartment near downtown San Jose with updated kitchen, pet-friendly, and off-street parking available October 1st.",149167.4
10,0.0,Spacious 2BR|Pet-Friendly|Downtown San Jose,"Spacious 2BR apartment near downtown San Jose with updated kitchen, pet-friendly, and off-street parking available October 1st.",158058.2
11,0.0,Spacious 2BR|Pet-Friendly|Downtown San Jose,"Spacious 2BR apartment near downtown San Jose with updated kitchen, pet-friendly, and off-street parking available October 1st.",150318.7
12,0.0,Spacious 2BR|Pet-Friendly|Downtown San Jose,"Spacious 2BR apartment near downtown San Jose with updated kitchen, pet-friendly, and off-street parking available October 1st.",168696.9
13,0.0,Spacious 2BR|Pet-Friendly|Downtown San Jose,"Spacious 2BR apartment near downtown San Jose with updated kitchen, pet-friendly, and off-street parking available October 1st.",136401.7
14,0.0,Spacious 2BR|Pet-Friendly|Downtown San Jose,"Spacious 2BR apartment near downtown San Jose with updated kitchen, pet-friendly, and off-street parking available October 1st.",165655.3
15,0.0,Spacious 2BR|Pet-Friendly|Downtown San Jose,"Spacious 2BR apartment near downtown San Jose with updated kitchen, pet-friendly, and off-street parking available October 1st.",154570.2
16,0.0,Spacious 2BR|Pet-Friendly|Downtown San Jose,"Spacious 2BR apartment near downtown San Jose with updated kitchen, pet-friendly, and off-street parking available October 1st.",181530.8
17,0.0,Spacious 2BR|Pet-Friendly|Downtown San Jose,"Spacious 2BR apartment near downtown San Jose with updated kitchen, pet-friendly, and off-street parking available October 1st.",154352.8
18,0.0,Spacious 2BR|Pet-Friendly|Downtown San Jose,"Spacious 2BR apartment near downtown San Jose with updated kitchen, pet-friendly, and off-street parking available October 1st.",143574.7
19,0.0,Spacious 2BR|Pet-Friendly|Downtown San Jose,"Spacious 2BR apartment near downtown San Jose with updated kitchen, pet-friendly, and off-street parking available October 1st.",146263.6
