page_size,version,run,sql_query_count,latency_ms
10,naive,0,11,7.061004638671875
10,naive,1,11,4.80198860168457
10,naive,2,11,4.591226577758789
10,naive,3,11,4.436016082763672
10,naive,4,11,4.348993301391602
10,naive,5,11,4.354000091552734
10,naive,6,11,4.532098770141602
10,naive,7,11,4.851102828979492
10,naive,8,11,4.06193733215332
10,naive,9,11,4.072904586791992
10,naive,10,11,5.14984130859375
10,naive,11,11,3.637075424194336
10,naive,12,11,3.6079883575439453
10,naive,13,11,4.59599494934082
10,naive,14,11,4.364013671875
10,naive,15,11,4.134893417358398
10,naive,16,11,3.755807876586914
10,naive,17,11,4.231929779052734
10,naive,18,11,4.19306755065918
10,naive,19,11,4.309177398681641
10,naive,20,11,4.39906120300293
10,naive,21,11,4.153013229370117
10,naive,22,11,4.115104675292969
10,naive,23,11,4.1980743408203125
10,naive,24,11,4.024744033813477
10,naive,25,11,4.32896614074707
10,naive,26,11,4.238128662109375
10,naive,27,11,3.7500858306884766
10,naive,28,11,3.728151321411133
10,naive,29,11,3.782987594604492
10,fixed,0,1,3.2999515533447266
10,fixed,1,1,1.9690990447998047
10,fixed,2,1,1.9981861114501953
10,fixed,3,1,1.9459724426269531
10,fixed,4,1,1.8291473388671875
10,fixed,5,1,1.7719268798828125
10,fixed,6,1,1.8181800842285156
10,fixed,7,1,1.9261837005615234
10,fixed,8,1,1.966238021850586
10,fixed,9,1,1.8970966339111328
10,fixed,10,1,1.811981201171875
10,fixed,11,1,1.8770694732666016
10,fixed,12,1,1.8198490142822266
10,fixed,13,1,1.950979232788086
10,fixed,14,1,1.9466876983642578
10,fixed,15,1,1.9257068634033203
10,fixed,16,1,1.795053482055664
10,fixed,17,1,1.865386962890625
10,fixed,18,1,1.8010139465332031
10,fixed,19,1,1.9650459289550781
10,fixed,20,1,1.9922256469726562
10,fixed,21,1,2.032041549682617
10,fixed,22,1,1.943826675415039
10,fixed,23,1,1.9278526306152344
10,fixed,24,1,1.9309520721435547
10,fixed,25,1,1.8918514251708984
10,fixed,26,1,2.012968063354492
10,fixed,27,1,1.9459724426269531
10,fixed,28,1,2.0079612731933594
10,fixed,29,1,1.8939971923828125
50,naive,0,51,14.27602767944336
50,naive,1,51,12.030839920043945
50,naive,2,51,11.041879653930664
50,naive,3,51,10.606050491333008
50,naive,4,51,11.471986770629883
50,naive,5,51,8.603811264038086
50,naive,6,51,8.714914321899414
50,naive,7,51,8.456945419311523
50,naive,8,51,8.375167846679688
50,naive,9,51,8.257865905761719
50,naive,10,51,8.272171020507812
50,naive,11,51,8.561134338378906
50,naive,12,51,8.420944213867188
50,naive,13,51,8.182048797607422
50,naive,14,51,8.169889450073242
50,naive,15,51,8.191108703613281
50,naive,16,51,8.767127990722656
50,naive,17,51,8.421182632446289
50,naive,18,51,8.48078727722168
50,naive,19,51,8.213996887207031
50,naive,20,51,8.229970932006836
50,naive,21,51,8.500099182128906
50,naive,22,51,8.383989334106445
50,naive,23,51,8.148908615112305
50,naive,24,51,8.176088333129883
50,naive,25,51,20.825862884521484
50,naive,26,51,8.738040924072266
50,naive,27,51,8.512020111083984
50,naive,28,51,8.249759674072266
50,naive,29,51,8.224010467529297
50,fixed,0,1,2.330780029296875
50,fixed,1,1,2.164125442504883
50,fixed,2,1,2.1162033081054688
50,fixed,3,1,2.0890235900878906
50,fixed,4,1,2.2110939025878906
50,fixed,5,1,1.9567012786865234
50,fixed,6,1,1.9791126251220703
50,fixed,7,1,1.954793930053711
50,fixed,8,1,1.9659996032714844
50,fixed,9,1,1.9600391387939453
50,fixed,10,1,1.89208984375
50,fixed,11,1,1.8608570098876953
50,fixed,12,1,1.9369125366210938
50,fixed,13,1,2.1560192108154297
50,fixed,14,1,2.228260040283203
50,fixed,15,1,2.301931381225586
50,fixed,16,1,2.214193344116211
50,fixed,17,1,2.0859241485595703
50,fixed,18,1,2.088785171508789
50,fixed,19,1,2.0780563354492188
50,fixed,20,1,2.2749900817871094
50,fixed,21,1,2.088785171508789
50,fixed,22,1,2.004861831665039
50,fixed,23,1,1.985788345336914
50,fixed,24,1,1.9731521606445312
50,fixed,25,1,1.9311904907226562
50,fixed,26,1,1.9850730895996094
50,fixed,27,1,1.979827880859375
50,fixed,28,1,1.9099712371826172
50,fixed,29,1,2.061128616333008
200,naive,0,201,29.53505516052246
200,naive,1,201,30.78174591064453
200,naive,2,201,30.30705451965332
200,naive,3,201,29.138803482055664
200,naive,4,201,29.607057571411133
200,naive,5,201,28.977155685424805
200,naive,6,201,29.60681915283203
200,naive,7,201,29.176712036132812
200,naive,8,201,29.649972915649414
200,naive,9,201,28.98883819580078
200,naive,10,201,29.33502197265625
200,naive,11,201,29.26778793334961
200,naive,12,201,29.628276824951172
200,naive,13,201,29.06203269958496
200,naive,14,201,29.295921325683594
200,naive,15,201,28.96714210510254
200,naive,16,201,29.85405921936035
200,naive,17,201,29.057025909423828
200,naive,18,201,29.443979263305664
200,naive,19,201,29.3121337890625
200,naive,20,201,29.633045196533203
200,naive,21,201,29.067039489746094
200,naive,22,201,29.45089340209961
200,naive,23,201,29.10900115966797
200,naive,24,201,29.518842697143555
200,naive,25,201,29.034852981567383
200,naive,26,201,29.368162155151367
200,naive,27,201,29.02698516845703
200,naive,28,201,29.769182205200195
200,naive,29,201,28.94902229309082
200,fixed,0,1,3.7839412689208984
200,fixed,1,1,4.049777984619141
200,fixed,2,1,3.885030746459961
200,fixed,3,1,3.721952438354492
200,fixed,4,1,3.6580562591552734
200,fixed,5,1,3.72314453125
200,fixed,6,1,15.976905822753906
200,fixed,7,1,4.267215728759766
200,fixed,8,1,4.343271255493164
200,fixed,9,1,3.863096237182617
200,fixed,10,1,3.679037094116211
200,fixed,11,1,3.6821365356445312
200,fixed,12,1,3.651142120361328
200,fixed,13,1,3.7479400634765625
200,fixed,14,1,3.773927688598633
200,fixed,15,1,3.634929656982422
200,fixed,16,1,3.7119388580322266
200,fixed,17,1,3.9908885955810547
200,fixed,18,1,3.9339065551757812
200,fixed,19,1,3.641843795776367
200,fixed,20,1,3.8328170776367188
200,fixed,21,1,4.224061965942383
200,fixed,22,1,3.7500858306884766
200,fixed,23,1,3.7162303924560547
200,fixed,24,1,3.6559104919433594
200,fixed,25,1,3.813028335571289
200,fixed,26,1,3.7047863006591797
200,fixed,27,1,4.069089889526367
200,fixed,28,1,3.7071704864501953
200,fixed,29,1,3.7279129028320312
