technique,query,rank,store_score,cosine_sim,chunk_len,preview,source_file,latency_ms
Token,What is the maximum allowable rent increase under San Jose's Apartment Rent Ordinance?,1,0.8009899681401231,0.8097454412140757,1262,"and properties in unincorporated areas of San Jose.  ALLOWABLE RENT INCREASE UNDER THE ORDINANCE Under the Apartment Rent Ordinance, the maximum allowable rent ",sanjose_tpo.txt,51.319122314453125
Token,What is the maximum allowable rent increase under San Jose's Apartment Rent Ordinance?,2,0.7388872464235259,0.7269444594566511,1135,Housing Ordinances | City of San Jose Source: https://www.sanjoseca.gov/your-government/departments-offices/housing/housing-rental-rights  The San Jose Housing ,sanjose_tpo.txt,51.319122314453125
Token,What is the maximum allowable rent increase under San Jose's Apartment Rent Ordinance?,3,0.72412128557133,0.7081573329639278,938,"/ $10,353 / $12,414 Qualified Assistance: $2,770 / $3,360 / $4,141 / $4,966 Total Base + Qualified: $9,695 / $11,760 / $14,494 / $17,380  MOBILEHOME RENT ORDINA",sanjose_tpo.txt,51.319122314453125
Semantic,What is the maximum allowable rent increase under San Jose's Apartment Rent Ordinance?,1,0.7661450988047065,0.7863718237754667,4525,Housing Ordinances | City of San Jose Source: https://www.sanjoseca.gov/your-government/departments-offices/housing/housing-rental-rights  The San Jose Housing ,sanjose_tpo.txt,7.441043853759766
Semantic,What is the maximum allowable rent increase under San Jose's Apartment Rent Ordinance?,2,0.6718910543983209,0.6755509779219673,975,Resources for Tenants | City of San Jose Source: https://www.sanjoseca.gov/your-government/departments-offices/housing/tenants  The Rent Stabilization Program s,sanjose_resources.txt,7.441043853759766
Semantic,What is the maximum allowable rent increase under San Jose's Apartment Rent Ordinance?,3,0.635668596776057,0.6591333587467636,278,"Code § 1950.6. The maximum fee is adjusted each year based on changes in the Consumer Price Index since January 1, 1998. In 2020, the maximum allowable fee is $",ca_tenants_guide.txt,7.441043853759766
SentenceWindow,What is the maximum allowable rent increase under San Jose's Apartment Rent Ordinance?,1,0.8275816679381277,0.7687801921796141,158,"ALLOWABLE RENT INCREASE UNDER THE ORDINANCE Under the Apartment Rent Ordinance, the maximum allowable rent increase is one 5% increase in a 12-month period.  ",sanjose_tpo.txt,56.186676025390625
SentenceWindow,What is the maximum allowable rent increase under San Jose's Apartment Rent Ordinance?,2,0.7404084315520282,0.725428942375424,254,"ALLOWABLE RENT INCREASES Under the Mobilehome Rent Ordinance, annual increases on space rents are limited to 75% of the change in the San Francisco-Oakland All ",sanjose_tpo.txt,56.186676025390625
SentenceWindow,What is the maximum allowable rent increase under San Jose's Apartment Rent Ordinance?,3,0.7213136607570887,0.6090557476566607,210,EXCEPTIONS TO THE ALLOWABLE RENT INCREASES Rent increases that are exempt from these requirements include an increase after a rental unit has been voluntarily v,sanjose_tpo.txt,56.186676025390625
Token,How much relocation assistance is a tenant in a 2-bedroom unit entitled to under San Jose's Tenant Protection Ordinance just-cause provisions?,1,0.7070848594170253,0.7283667096111083,1068,owner is responsible for providing the noticing requirements and relocation assistance to the displaced tenant households.  STEPS TO INITIATE THE ELLIS ACT PROC,sanjose_tpo.txt,40.29083251953125
Token,How much relocation assistance is a tenant in a 2-bedroom unit entitled to under San Jose's Tenant Protection Ordinance just-cause provisions?,2,0.6993533586770003,0.6290731051102323,912,REASONS DUE TO TENANT ACTIONS 1. Nonpayment of rent 2. Material or habitual violation of the lease 3. Damage to the apartment 4. Refusal to agree to a similar o,sanjose_tpo.txt,40.29083251953125
Token,How much relocation assistance is a tenant in a 2-bedroom unit entitled to under San Jose's Tenant Protection Ordinance just-cause provisions?,3,0.6843462711404519,0.6332234750048623,1027,"of Intent to Withdraw to each tenant household, the owner must deposit into the escrow account the relocation fees. Step 6: If the apartments return to the rent",sanjose_tpo.txt,40.29083251953125
Semantic,How much relocation assistance is a tenant in a 2-bedroom unit entitled to under San Jose's Tenant Protection Ordinance just-cause provisions?,1,0.7091883247198242,0.6682829596100238,1191,Nonpayment of rent 2. Material or habitual violation of the lease 3. Damage to the apartment 4. Refusal to agree to a similar or new rental agreement 5. Disorde,sanjose_tpo.txt,7.847785949707031
Semantic,How much relocation assistance is a tenant in a 2-bedroom unit entitled to under San Jose's Tenant Protection Ordinance just-cause provisions?,2,0.6946053199417566,0.6569592560804673,4631,"For 2022-2023, the filing fee is $2,833 for the first 10 units and $951 per additional unit after 10 units. Step 4: Submission to the City to RSP@sanjoseca.gov.",sanjose_tpo.txt,7.847785949707031
Semantic,How much relocation assistance is a tenant in a 2-bedroom unit entitled to under San Jose's Tenant Protection Ordinance just-cause provisions?,3,0.6933057640111492,0.6743049434846639,678,- Built after 1979 and are not rent stabilized. The owner is responsible for providing the noticing requirements and relocation assistance to the displaced tena,sanjose_tpo.txt,7.847785949707031
SentenceWindow,How much relocation assistance is a tenant in a 2-bedroom unit entitled to under San Jose's Tenant Protection Ordinance just-cause provisions?,1,0.7349630730639072,0.69839232887582,441,"RELOCATION ASSISTANCE TABLE (Ellis Act) Type: Studio / 1-Bedroom / 2-Bedroom / 3-Bedroom Base Assistance: $6,925 / $8,400 / $10,353 / $12,414 Qualified Assistan",sanjose_tpo.txt,51.99885368347168
SentenceWindow,How much relocation assistance is a tenant in a 2-bedroom unit entitled to under San Jose's Tenant Protection Ordinance just-cause provisions?,2,0.6644247648002556,0.6185900230287606,325,"Benefits are paid based on the size of the unit occupied by the tenant: - Studio: $6,925 - 1-Bedroom: $8,400 - 2-Bedroom: $10,353 - 3-Bedroom: $12,414  LANDLORD",sanjose_tpo.txt,51.99885368347168
SentenceWindow,How much relocation assistance is a tenant in a 2-bedroom unit entitled to under San Jose's Tenant Protection Ordinance just-cause provisions?,3,0.6638970596666222,0.6777836297276324,544,"However, in situations where the tenant is not at fault, but the 65 landlord has just cause to terminate, the landlord will often be obligated to pay the tenant",ca_tenants_guide.txt,51.99885368347168
Token,"Under the Fair Housing Act, on what protected characteristics may a public housing agency not deny someone the opportunity to rent?",1,0.7141730590177713,0.6469631924089846,1217,"Act, PHAs or other housing providers4 may not, on the basis of race, color, religion, sex, national origin, disability, or familial status: · Deny anyone the op",hud_fair_housing.txt,12.545108795166016
Token,"Under the Fair Housing Act, on what protected characteristics may a public housing agency not deny someone the opportunity to rent?",2,0.7080264628039623,0.6333803474691726,1233,violate the lease. This “presumption of disability” is a way of labeling people based on their membership in a category (“the elderly” or “people with disabilit,hud_fair_housing.txt,12.545108795166016
Token,"Under the Fair Housing Act, on what protected characteristics may a public housing agency not deny someone the opportunity to rent?",3,0.6969519857281647,0.6764009462758563,1338,definition of disability is not entitled to a reasonable accommodation under Section 504 and the Fair Housing Act. This definition of disability relevant to rea,hud_fair_housing.txt,12.545108795166016
Semantic,"Under the Fair Housing Act, on what protected characteristics may a public housing agency not deny someone the opportunity to rent?",1,0.6638366953774922,0.6031101529419104,2994,Elderly families and disabled families receive equal priority for admission to such units. General Occupancy Projects: The priority for elderly and disabled fam,hud_fair_housing.txt,8.336782455444336
Semantic,"Under the Fair Housing Act, on what protected characteristics may a public housing agency not deny someone the opportunity to rent?",2,0.6547247662804024,0.5969894276385482,2622,The mechanics of screening should balance the rights of the individual applicant and the rights of the community. If a PHA cannot articulate its screening proce,hud_fair_housing.txt,8.336782455444336
Semantic,"Under the Fair Housing Act, on what protected characteristics may a public housing agency not deny someone the opportunity to rent?",3,0.6420445440705682,0.611361871411287,4367,"· Developing brochures or other information material that describes the housing units, application process, waiting list, screening criteria, and preference str",hud_fair_housing.txt,8.336782455444336
SentenceWindow,"Under the Fair Housing Act, on what protected characteristics may a public housing agency not deny someone the opportunity to rent?",1,0.7524278205177752,0.6998406276315874,1189,"Under the Act, PHAs or other housing providers4 may not, on the basis of race, color, religion, sex, national origin, disability, or familial status: · Deny any",hud_fair_housing.txt,51.82218551635742
SentenceWindow,"Under the Fair Housing Act, on what protected characteristics may a public housing agency not deny someone the opportunity to rent?",2,0.6862728532860687,0.7003508364682668,367,"Although the Fair Housing Act generally requires applicants to be given equal treatment irrespective of membership in a protected class, there are certain limit",hud_fair_housing.txt,51.82218551635742
SentenceWindow,"Under the Fair Housing Act, on what protected characteristics may a public housing agency not deny someone the opportunity to rent?",3,0.6844286078924599,0.6332307292325492,908,"A core statement of the screening criteria used in public housing might include: · Poor past performance in meeting financial obligations, especially rent; · A ",hud_fair_housing.txt,51.82218551635742
Token,"What is a tenancy, according to California's tenant rights guide?",1,0.7153125581563137,0.6742619554588822,734,"Health & Saf. Code § 13113.7. 213 Civ. Code § 1941.2(b). 214 Civ. Code § 1941.2(a). 215 Civ. Code §§ 1929, 1941.2, and 1942(c); Rosenquest & Portman, The Califo",ca_tenants_guide.txt,13.277292251586914
Token,"What is a tenancy, according to California's tenant rights guide?",2,0.7119512165708496,0.6917708618048999,1325,"and Responsibilities answers these questions and many others. Whether the tenant is renting a room, apartment, house, or duplex, the landlord- tenant relationsh",ca_tenants_guide.txt,13.277292251586914
Token,"What is a tenancy, according to California's tenant rights guide?",3,0.6961993646974306,0.6135070318450397,1156,"are not spelled out in an easily verifiable form. Fixed Term and Periodic Tenancies Whether the parties choose an oral or written agreement, either agreement mu",ca_tenants_guide.txt,13.277292251586914
Semantic,"What is a tenancy, according to California's tenant rights guide?",1,0.7479663154128026,0.6099780874712651,233,"Code § 1934. 363 Miller & Desatnik Management Co. v. Bullock (1990) 221 Cal.App.3d Supp. 13, 18-19; Rosenquest & Portman, The California Landlord’s Law Book: Ri",ca_tenants_guide.txt,7.436990737915039
Semantic,"What is a tenancy, according to California's tenant rights guide?",2,0.7256250161898562,0.6549907260337487,259,"Code §§ 1091 and 1962(b). 80 Civ. Code §§ 827, 1945, 1946, 1946.1 and 1946.2. 81 Civ. Code §§ 1945, 1946 and 1946.1. 82 Rosenquest & Portman, The California Lan",ca_tenants_guide.txt,7.436990737915039
Semantic,"What is a tenancy, according to California's tenant rights guide?",3,0.714979984796776,0.6349654259434593,325,Code § 1940.6. 257 Civ. Code § 1940.2(a). 258 Civ. Code § 1940.2(c). 259 Civ. Code § 1940.2(b). 260 Civ. Code § 1946. 261 Civ. Code § 1946.1(e). 262 Civ. Code §,ca_tenants_guide.txt,7.436990737915039
SentenceWindow,"What is a tenancy, according to California's tenant rights guide?",1,0.7855560501476734,0.7316768546869298,86,The tenant’s right to use and possess the landlord’s rental unit is called a tenancy. ,ca_tenants_guide.txt,51.9108772277832
SentenceWindow,"What is a tenancy, according to California's tenant rights guide?",2,0.7568480067309286,0.6903507260508194,152,"tenancy—the tenant’s exclusive right, created by a rental agreement between the landlord and the tenant, to use and possess the landlord’s rental unit. ",ca_tenants_guide.txt,51.9108772277832
SentenceWindow,"What is a tenancy, according to California's tenant rights guide?",3,0.7437020959760524,0.742216899788082,137,"111 Moskovitz et al., California Landlord-Tenant Practice, § 1.40 (Cont.Ed.Bar 2021); 24 Code of Federal Regulations §§ 35.88 and 35.92. ",ca_tenants_guide.txt,51.9108772277832
Token,What free service does the City of San Jose offer to help landlords and tenants resolve disputes without going to court?,1,0.7031755521323084,0.5974273447083894,639,provides landlords and tenants with a neutral platform for resolving disputes. This program is voluntary and there is no cost to participate. Many types of disp,sanjose_resources.txt,12.381315231323242
Token,What free service does the City of San Jose offer to help landlords and tenants resolve disputes without going to court?,2,0.630841049442647,0.66569366599163,1274,Resources for Tenants | City of San Jose Source: https://www.sanjoseca.gov/your-government/departments-offices/housing/tenants  The Rent Stabilization Program s,sanjose_resources.txt,12.381315231323242
Token,What free service does the City of San Jose offer to help landlords and tenants resolve disputes without going to court?,3,0.580734861503899,0.5646100911219739,1262,"and properties in unincorporated areas of San Jose.  ALLOWABLE RENT INCREASE UNDER THE ORDINANCE Under the Apartment Rent Ordinance, the maximum allowable rent ",sanjose_tpo.txt,12.381315231323242
Semantic,What free service does the City of San Jose offer to help landlords and tenants resolve disputes without going to court?,1,0.6051745440129811,0.546737615083985,819,"These petitions are typically focused on issues such as rent increases, habitability concerns, or service reductions.  THE HOUSING MEDIATION PROGRAM The Housing",sanjose_resources.txt,8.101940155029297
Semantic,What free service does the City of San Jose offer to help landlords and tenants resolve disputes without going to court?,2,0.5911643623691646,0.631000284646182,975,Resources for Tenants | City of San Jose Source: https://www.sanjoseca.gov/your-government/departments-offices/housing/tenants  The Rent Stabilization Program s,sanjose_resources.txt,8.101940155029297
Semantic,What free service does the City of San Jose offer to help landlords and tenants resolve disputes without going to court?,3,0.5057756898972742,0.47521627471739103,8871,"Attempting to work out problems benefits everybody. Sometimes, it is helpful to involve someone else, such as a trained mediator (see page 106), but it is not r",ca_tenants_guide.txt,8.101940155029297
SentenceWindow,What free service does the City of San Jose offer to help landlords and tenants resolve disputes without going to court?,1,0.6141919618117008,0.6473628631680437,261,Resources for Tenants | City of San Jose Source: https://www.sanjoseca.gov/your-government/departments-offices/housing/tenants  The Rent Stabilization Program s,sanjose_resources.txt,51.78713798522949
SentenceWindow,What free service does the City of San Jose offer to help landlords and tenants resolve disputes without going to court?,2,0.6010491504696908,0.583758431755001,173,- The San Jose Housing Department may provide legal referrals to address such violations through Superior Court and California's Department of Fair Employment a,sanjose_tpo.txt,51.78713798522949
SentenceWindow,What free service does the City of San Jose offer to help landlords and tenants resolve disputes without going to court?,3,0.5667794674402669,0.47815599293843275,109,"The goal of these services is to resolve disputes without the burden, stress, and expense of going to court. ",ca_tenants_guide.txt,51.78713798522949
