failure_rate,call,ok,attempts,latency_ms,error
0.0,1,True,1,2.19,
0.0,2,True,1,1.08,
0.0,3,True,1,0.96,
0.0,4,True,1,0.97,
0.0,5,True,1,1.01,
0.0,6,True,1,0.97,
0.0,7,True,1,0.98,
0.0,8,True,1,0.96,
0.0,9,True,1,0.86,
0.0,10,True,1,0.79,
0.0,11,True,1,0.8,
0.0,12,True,1,0.8,
0.0,13,True,1,0.78,
0.0,14,True,1,0.69,
0.0,15,True,1,0.7,
0.0,16,True,1,0.72,
0.0,17,True,1,0.73,
0.0,18,True,1,0.78,
0.0,19,True,1,0.69,
0.0,20,True,1,0.62,
0.0,21,True,1,0.62,
0.0,22,True,1,0.64,
0.0,23,True,1,0.64,
0.0,24,True,1,0.4,
0.0,25,True,1,0.43,
0.0,26,True,1,0.63,
0.0,27,True,1,0.61,
0.0,28,True,1,0.6,
0.0,29,True,1,0.68,
0.0,30,True,1,0.75,
0.0,31,True,1,0.75,
0.0,32,True,1,0.75,
0.0,33,True,1,0.76,
0.0,34,True,1,0.7,
0.0,35,True,1,0.6,
0.0,36,True,1,0.57,
0.0,37,True,1,0.57,
0.0,38,True,1,0.57,
0.0,39,True,1,0.64,
0.0,40,True,1,0.72,
0.0,41,True,1,0.69,
0.0,42,True,1,0.67,
0.0,43,True,1,0.67,
0.0,44,True,1,0.64,
0.0,45,True,1,0.63,
0.0,46,True,1,0.66,
0.0,47,True,1,0.76,
0.0,48,True,1,0.61,
0.0,49,True,1,0.39,
0.0,50,True,1,0.38,
0.2,1,True,2,208.61,
0.2,2,True,1,1.44,
0.2,3,True,1,1.5,
0.2,4,True,2,210.84,
0.2,5,True,1,4.55,
0.2,6,True,1,3.15,
0.2,7,True,1,1.65,
0.2,8,True,1,1.67,
0.2,9,True,1,1.68,
0.2,10,True,1,1.69,
0.2,11,True,2,210.88,
0.2,12,True,2,207.54,
0.2,13,True,1,3.24,
0.2,14,True,1,2.88,
0.2,15,True,1,2.83,
0.2,16,True,1,2.87,
0.2,17,True,1,2.83,
0.2,18,True,1,2.68,
0.2,19,True,2,210.89,
0.2,20,True,1,3.61,
0.2,21,True,2,209.88,
0.2,22,True,1,2.17,
0.2,23,True,1,2.18,
0.2,24,True,1,1.21,
0.2,25,True,1,1.0,
0.2,26,True,1,1.49,
0.2,27,True,1,1.42,
0.2,28,True,1,1.43,
0.2,29,True,1,1.39,
0.2,30,True,1,1.26,
0.2,31,True,1,1.23,
0.2,32,True,1,1.2,
0.2,33,True,1,1.09,
0.2,34,True,1,1.06,
0.2,35,True,1,1.1,
0.2,36,True,1,1.73,
0.2,37,True,2,211.52,
0.2,38,True,1,4.09,
0.2,39,True,1,3.47,
0.2,40,True,3,617.28,
0.2,41,True,1,4.04,
0.2,42,True,1,3.23,
0.2,43,True,1,3.21,
0.2,44,True,1,1.97,
0.2,45,True,2,210.5,
0.2,46,True,1,3.36,
0.2,47,True,1,3.17,
0.2,48,True,1,3.32,
0.2,49,True,1,2.13,
0.2,50,True,1,2.3,
0.5,1,True,4,1420.22,
0.5,2,True,2,209.87,
0.5,3,True,1,3.71,
0.5,4,True,1,3.24,
0.5,5,True,2,208.67,
0.5,6,True,1,2.8,
0.5,7,True,1,2.27,
0.5,8,True,2,210.3,
0.5,9,True,2,210.62,
0.5,10,True,1,3.46,
0.5,11,True,1,2.96,
0.5,12,True,1,2.86,
0.5,13,True,1,2.72,
0.5,14,True,2,205.77,
0.5,15,True,2,209.19,
0.5,16,True,1,2.96,
0.5,17,True,3,613.78,
0.5,18,True,1,4.17,
0.5,19,True,1,3.53,
0.5,20,True,2,212.48,
0.5,21,True,1,3.64,
0.5,22,True,1,4.54,
0.5,23,True,1,5.39,
0.5,24,True,2,210.5,
0.5,25,True,1,4.65,
0.5,26,True,3,610.48,
0.5,27,True,1,2.72,
0.5,28,True,2,210.26,
0.5,29,False,4,1416.8,"storage unavailable: retries exhausted after 4 attempt(s): TransientError: injected failure (rate 50%, attempt #48)"
0.5,30,True,1,5.2,
0.5,31,True,1,3.18,
0.5,32,True,3,616.55,
0.5,33,True,2,211.36,
0.5,34,True,2,210.87,
0.5,35,True,2,210.78,
0.5,36,True,2,211.75,
0.5,37,True,1,4.09,
0.5,38,True,2,210.51,
0.5,39,True,4,1420.04,
0.5,40,True,1,3.71,
0.5,41,True,2,205.87,
0.5,42,True,3,615.29,
0.5,43,True,1,2.81,
0.5,44,True,3,614.54,
0.5,45,True,2,210.77,
0.5,46,True,3,611.6,
0.5,47,True,2,206.23,
0.5,48,True,2,210.13,
0.5,49,True,1,2.29,
0.5,50,True,2,208.89,
