ceiling,run,attempts,valid,latency_ms
2,0,1,True,65758.8
2,1,1,True,36530.7
2,2,1,True,64466.9
2,3,1,True,24114.6
2,4,1,True,53554.6
2,5,1,True,56720.2
2,6,1,True,542083.3
2,7,1,True,71016.8
2,8,1,True,173749.6
2,9,1,True,50169.0
2,10,1,True,58148.0
2,11,1,True,55727.7
2,12,1,True,23080.0
2,13,1,True,89443.2
2,14,1,True,85291.0
2,15,1,True,56271.1
2,16,1,True,449778.1
2,17,1,True,36896.8
2,18,1,True,64229.2
2,19,1,True,982864.1
10,0,1,True,51725.9
10,1,1,True,38713.8
10,2,1,True,64795.7
10,3,1,True,33781.4
10,4,1,True,284456.2
10,5,1,True,36202.9
10,6,1,True,62908.6
10,7,1,True,195633.6
10,8,1,True,63030.1
10,9,1,True,56573.5
10,10,1,True,211738.9
10,11,1,True,68704.1
10,12,1,True,36254.1
10,13,1,True,82917.7
10,14,1,True,49136.4
10,15,1,True,52645.3
10,16,1,True,64922.4
10,17,1,True,62426.0
10,18,1,True,32969.4
10,19,1,True,77651.2
